âŒ Vatican City                             was changed to âœ… Holy See (Vatican City State)
âŒ Republic of Ireland                      was changed to âœ… Ireland
âŒ Palestinian National Authority           was changed to âœ… Palestine
â˜‘ï¸ Country name was changed from            The Bahamas                                                  vs Bahamas
â˜‘ï¸ Country name was changed from            Bolivia                                                      vs Bolivia, Plurinational State of
â˜‘ï¸ Country name was changed from            Brunei                                                       vs Brunei Darussalam
â˜‘ï¸ Country name was changed from            Ivory Coast                                                  vs CÃ´te d'Ivoire
â˜‘ï¸ Country name was changed from            Cape Verde                                                   vs Cabo Verde
✅ Country_code CG                          for Country Republic of the Congo was updated
â˜‘ï¸ Country name was changed from            Czech Republic                                               vs Czechia
â˜‘ï¸ Country name was changed from            Democratic Republic of the Congo                             vs Congo, The Democratic Republic of the
✅ Country_code SZ                          for Country Eswatini was updated
â˜‘ï¸ Country name was changed from            The Gambia                                                   vs Gambia
✅ Country_code VA                          for Country Holy See (Vatican City State) was updated
â˜‘ï¸ Country name was changed from            Iran                                                         vs Iran, Islamic Republic of
✅ Country_code IE                          for Country Ireland was updated
â˜‘ï¸ Country name was changed from            Laos                                                         vs Lao People's Democratic Republic
â˜‘ï¸ Country name was changed from            Federated States of Micronesia                               vs Micronesia, Federated States of
â˜‘ï¸ Country name was changed from            Moldova                                                      vs Moldova, Republic of
✅ Country_code NA                          for Country Namibia was updated
â˜‘ï¸ Country name was changed from            North Korea                                                  vs Korea, Democratic People's Republic of
✅ Country_code MK                          for Country North Macedonia was updated
✅ Country_code PS                          for Country Palestine was updated
â˜‘ï¸ Country name was changed from            Russia                                                       vs Russian Federation
â˜‘ï¸ Country name was changed from            Sï¿½ï¿½ï¿½ï¿½ï¿½ï¿½ï¿½ï¿½ï¿½ï¿½ï¿½                                                 vs Sao Tome and Principe
â˜‘ï¸ Country name was changed from            South Korea                                                  vs Korea, Republic of
â˜‘ï¸ Country name was changed from            Syria                                                        vs Syrian Arab Republic
â˜‘ï¸ Country name was changed from            Tanzania                                                     vs Tanzania, United Republic of
â˜‘ï¸ Country name was changed from            East Timor                                                   vs Timor-Leste
â˜‘ï¸ Country name was changed from            Turkey                                                       vs TÃ¼rkiye
â˜‘ï¸ Country name was changed from            Venezuela                                                    vs Venezuela, Bolivarian Republic of
â˜‘ï¸ Country name was changed from            Vietnam                                                      vs Viet Nam

==================================================
💡 Totally was replaced:
 👉 COUNTRIES UPDATED:            22
 👉 COUNTRY_CODE UPDATED:          7
==================================================
